Date,Year,Month,SpawningMonth,Spawning.Night,Parental.Performance,Colony.ID,Colony,Status,Spawn,Time.Start,Time.End,Total.Vol.mL,Total.Vol.microL,PlanarArea.cm2,microL.cm2,AccumulativeOutput.mL.cm2
20160604,2016,June,1,1,Nonbleach,116,116,ALIVE,0,NA,NA,0,0,271.635,0,0
20160605,2016,June,1,2,Nonbleach,116,116,ALIVE,0,NA,NA,0,0,271.635,0,0
20160606,2016,June,1,3,Nonbleach,116,116,ALIVE,1,21:31:00,NA,0,0,271.635,0,0
20160607,2016,June,1,4,Nonbleach,116,116,ALIVE,1,21:08:00,NA,0,0,271.635,0,0
20160608,2016,June,1,5,Nonbleach,116,116,ALIVE,0,NA,NA,0,0,271.635,0,0
20160703,2016,July,2,1,Nonbleach,116,116,ALIVE,0,NA,NA,0,0,271.635,0,0
20160704,2016,July,2,2,Nonbleach,116,116,ALIVE,1,20:56:00,NA,3.2,3200,271.635,11.781,11.781
20160705,2016,July,2,3,Nonbleach,116,116,ALIVE,1,20:50:00,NA,1.52,1520,271.635,5.596,17.377
20160706,2016,July,2,4,Nonbleach,116,116,ALIVE,1,21:02:00,NA,0.01,10,271.635,0.037,17.414
20160707,2016,July,2,5,Nonbleach,116,116,ALIVE,0,NA,NA,0,0,271.635,0,17.414
20160708,2016,July,2,6,Nonbleach,116,116,ALIVE,0,NA,NA,0,0,271.635,0,17.414
20160731,2016,July,2,-1,Nonbleach,116,116,ALIVE,0,NA,NA,0,0,271.635,0,17.414
20160801,2016,Aug,3,0,Nonbleach,116,116,ALIVE,0,NA,NA,0,0,271.635,0,17.414
20160802,2016,Aug,3,1,Nonbleach,116,116,ALIVE,0,NA,NA,0,0,271.635,0,17.414
20160803,2016,Aug,3,2,Nonbleach,116,116,ALIVE,0,NA,NA,0,0,271.635,0,17.414
20160804,2016,Aug,3,3,Nonbleach,116,116,ALIVE,0,NA,NA,0,0,271.635,0,17.414
20160805,2016,Aug,3,4,Nonbleach,116,116,ALIVE,0,NA,NA,0,0,271.635,0,17.414
20160806,2016,Aug,3,5,Nonbleach,116,116,ALIVE,0,NA,NA,0,0,271.635,0,17.414
20160604,2016,June,1,1,Bleach,117,117,ALIVE,0,NA,NA,0,0,387.118,0,0
20160605,2016,June,1,2,Bleach,117,117,ALIVE,1,20:59:00,NA,0.5,500,387.118,1.292,1.292
20160606,2016,June,1,3,Bleach,117,117,ALIVE,1,20:52:00,NA,0.5,500,387.118,1.292,2.584
20160607,2016,June,1,4,Bleach,117,117,ALIVE,1,21:31:00,NA,0,0,387.118,0,2.584
20160608,2016,June,1,5,Bleach,117,117,ALIVE,0,NA,NA,0,0,387.118,0,2.584
20160703,2016,July,2,1,Bleach,117,117,ALIVE,1,20:50:00,NA,0.01,10,387.118,0.026,2.61
20160704,2016,July,2,2,Bleach,117,117,ALIVE,1,20:56:00,NA,0.5,500,387.118,1.292,3.902
20160705,2016,July,2,3,Bleach,117,117,ALIVE,1,20:53:00,NA,2.02,2020,387.118,5.218,9.12
20160706,2016,July,2,4,Bleach,117,117,ALIVE,1,21:21:00,NA,0,0,387.118,0,9.12
20160707,2016,July,2,5,Bleach,117,117,ALIVE,0,NA,NA,0,0,387.118,0,9.12
20160708,2016,July,2,6,Bleach,117,117,ALIVE,0,NA,NA,0,0,387.118,0,9.12
20160731,2016,July,2,-1,Bleach,117,117,ALIVE,0,NA,NA,0,0,387.118,0,9.12
20160801,2016,Aug,3,0,Bleach,117,117,ALIVE,0,NA,NA,0,0,387.118,0,9.12
20160802,2016,Aug,3,1,Bleach,117,117,ALIVE,0,NA,NA,0,0,387.118,0,9.12
20160803,2016,Aug,3,2,Bleach,117,117,ALIVE,0,NA,NA,0,0,387.118,0,9.12
20160804,2016,Aug,3,3,Bleach,117,117,ALIVE,1,20:50:00,NA,0,0,387.118,0,9.12
20160805,2016,Aug,3,4,Bleach,117,117,ALIVE,0,NA,NA,0,0,387.118,0,9.12
20160806,2016,Aug,3,5,Bleach,117,117,ALIVE,0,NA,NA,0,0,387.118,0,9.12
20160604,2016,June,1,1,Nonbleach,118,118,ALIVE,0,NA,NA,0,0,428.669,0,0
20160605,2016,June,1,2,Nonbleach,118,118,ALIVE,0,NA,NA,0,0,428.669,0,0
20160606,2016,June,1,3,Nonbleach,118,118,ALIVE,1,20:54:00,NA,0.5,500,428.669,1.166,1.166
20160607,2016,June,1,4,Nonbleach,118,118,ALIVE,1,21:19:00,NA,0,0,428.669,0,1.166
20160608,2016,June,1,5,Nonbleach,118,118,ALIVE,0,NA,NA,0,0,428.669,0,1.166
20160703,2016,July,2,1,Nonbleach,118,118,ALIVE,1,20:50:00,NA,0.01,10,428.669,0.023,1.189
20160704,2016,July,2,2,Nonbleach,118,118,ALIVE,0,NA,NA,0,0,428.669,0,1.189
20160705,2016,July,2,3,Nonbleach,118,118,ALIVE,1,20:49:00,NA,0.51,510,428.669,1.19,2.379
20160706,2016,July,2,4,Nonbleach,118,118,ALIVE,1,20:50:00,NA,2.5,2500,428.669,5.832,8.211
20160707,2016,July,2,5,Nonbleach,118,118,ALIVE,1,21:00:00,NA,0,0,428.669,0,8.211
20160708,2016,July,2,6,Nonbleach,118,118,ALIVE,0,NA,NA,0,0,428.669,0,8.211
20160731,2016,July,2,-1,Nonbleach,118,118,ALIVE,0,NA,NA,0,0,428.669,0,8.211
20160801,2016,Aug,3,0,Nonbleach,118,118,ALIVE,0,NA,NA,0,0,428.669,0,8.211
20160802,2016,Aug,3,1,Nonbleach,118,118,ALIVE,0,NA,NA,0,0,428.669,0,8.211
20160803,2016,Aug,3,2,Nonbleach,118,118,ALIVE,0,NA,NA,0,0,428.669,0,8.211
20160804,2016,Aug,3,3,Nonbleach,118,118,ALIVE,1,21:01:00,NA,0,0,428.669,0,8.211
20160805,2016,Aug,3,4,Nonbleach,118,118,ALIVE,1,20:54:00,NA,0,0,428.669,0,8.211
20160806,2016,Aug,3,5,Nonbleach,118,118,ALIVE,0,NA,NA,0,0,428.669,0,8.211
20160604,2016,June,1,1,Bleach,119,119,ALIVE,0,NA,NA,0,0,159.773,0,0
20160605,2016,June,1,2,Bleach,119,119,ALIVE,0,NA,NA,0,0,159.773,0,0
20160606,2016,June,1,3,Bleach,119,119,ALIVE,1,21:25:00,NA,0,0,159.773,0,0
20160607,2016,June,1,4,Bleach,119,119,ALIVE,1,21:11:00,NA,0,0,159.773,0,0
20160608,2016,June,1,5,Bleach,119,119,ALIVE,0,NA,NA,0,0,159.773,0,0
20160703,2016,July,2,1,Bleach,119,119,ALIVE,0,NA,NA,0,0,159.773,0,0
20160704,2016,July,2,2,Bleach,119,119,ALIVE,1,20:53:00,NA,1,1000,159.773,6.259,6.259
20160705,2016,July,2,3,Bleach,119,119,ALIVE,1,20:54:00,NA,4.01,4010,159.773,25.098,31.357
20160706,2016,July,2,4,Bleach,119,119,ALIVE,1,21:00:00,NA,2,2000,159.773,12.518,43.875
20160707,2016,July,2,5,Bleach,119,119,ALIVE,1,21:07:00,NA,0.03,30,159.773,0.188,44.063
20160708,2016,July,2,6,Bleach,119,119,ALIVE,0,NA,NA,0,0,159.773,0,44.063
20160731,2016,July,2,-1,Bleach,119,119,ALIVE,0,NA,NA,0,0,159.773,0,44.063
20160801,2016,Aug,3,0,Bleach,119,119,ALIVE,0,NA,NA,0,0,159.773,0,44.063
20160802,2016,Aug,3,1,Bleach,119,119,ALIVE,0,NA,NA,0,0,159.773,0,44.063
20160803,2016,Aug,3,2,Bleach,119,119,ALIVE,1,20:50:00,NA,0,0,159.773,0,44.063
20160804,2016,Aug,3,3,Bleach,119,119,ALIVE,0,NA,NA,0,0,159.773,0,44.063
20160805,2016,Aug,3,4,Bleach,119,119,ALIVE,0,NA,NA,0,0,159.773,0,44.063
20160806,2016,Aug,3,5,Bleach,119,119,ALIVE,0,NA,NA,0,0,159.773,0,44.063
20160604,2016,June,1,1,Nonbleach,120,120,ALIVE,0,NA,NA,0,0,477.576,0,0
20160605,2016,June,1,2,Nonbleach,120,120,ALIVE,0,NA,NA,0,0,477.576,0,0
20160606,2016,June,1,3,Nonbleach,120,120,ALIVE,0,NA,NA,0,0,477.576,0,0
20160607,2016,June,1,4,Nonbleach,120,120,ALIVE,1,21:53:00,NA,0,0,477.576,0,0
20160608,2016,June,1,5,Nonbleach,120,120,ALIVE,0,NA,NA,0,0,477.576,0,0
20160703,2016,July,2,1,Nonbleach,120,120,ALIVE,1,20:50:00,NA,0,0,477.576,0,0
20160704,2016,July,2,2,Nonbleach,120,120,ALIVE,1,20:56:00,NA,1,1000,477.576,2.094,2.094
20160705,2016,July,2,3,Nonbleach,120,120,ALIVE,1,20:58:00,NA,4.3,4300,477.576,9.004,11.098
20160706,2016,July,2,4,Nonbleach,120,120,ALIVE,1,21:15:00,NA,0.01,10,477.576,0.021,11.119
20160707,2016,July,2,5,Nonbleach,120,120,ALIVE,0,NA,NA,0,0,477.576,0,11.119
20160708,2016,July,2,6,Nonbleach,120,120,ALIVE,0,NA,NA,0,0,477.576,0,11.119
20160731,2016,July,2,-1,Nonbleach,120,120,ALIVE,0,NA,NA,0,0,477.576,0,11.119
20160801,2016,Aug,3,0,Nonbleach,120,120,ALIVE,0,NA,NA,0,0,477.576,0,11.119
20160802,2016,Aug,3,1,Nonbleach,120,120,ALIVE,0,NA,NA,0,0,477.576,0,11.119
20160803,2016,Aug,3,2,Nonbleach,120,120,ALIVE,0,NA,NA,0,0,477.576,0,11.119
20160804,2016,Aug,3,3,Nonbleach,120,120,ALIVE,1,21:33:00,NA,0,0,477.576,0,11.119
20160805,2016,Aug,3,4,Nonbleach,120,120,ALIVE,1,21:00:00,NA,0,0,477.576,0,11.119
20160806,2016,Aug,3,5,Nonbleach,120,120,ALIVE,0,NA,NA,0,0,477.576,0,11.119
20160604,2016,June,1,1,Bleach,121,121,ALIVE,1,21:19:00,NA,0,0,204.792,0,0
20160605,2016,June,1,2,Bleach,121,121,ALIVE,1,20:56:00,NA,2.5,2500,204.792,12.207,12.207
20160606,2016,June,1,3,Bleach,121,121,ALIVE,1,20:48:00,NA,0,0,204.792,0,12.207
20160607,2016,June,1,4,Bleach,121,121,ALIVE,1,21:56:00,NA,0,0,204.792,0,12.207
20160608,2016,June,1,5,Bleach,121,121,ALIVE,0,NA,NA,0,0,204.792,0,12.207
20160703,2016,July,2,1,Bleach,121,121,ALIVE,0,NA,NA,0,0,204.792,0,12.207
20160704,2016,July,2,2,Bleach,121,121,ALIVE,1,21:07:00,NA,0.2,200,204.792,0.977,13.184
20160705,2016,July,2,3,Bleach,121,121,ALIVE,1,21:05:00,NA,0.1,100,204.792,0.488,13.672
20160706,2016,July,2,4,Bleach,121,121,ALIVE,1,21:12:00,NA,0,0,204.792,0,13.672
20160707,2016,July,2,5,Bleach,121,121,ALIVE,0,NA,NA,0,0,204.792,0,13.672
20160708,2016,July,2,6,Bleach,121,121,ALIVE,0,NA,NA,0,0,204.792,0,13.672
20160731,2016,July,2,-1,Bleach,121,121,ALIVE,0,NA,NA,0,0,204.792,0,13.672
20160801,2016,Aug,3,0,Bleach,121,121,ALIVE,0,NA,NA,0,0,204.792,0,13.672
20160802,2016,Aug,3,1,Bleach,121,121,ALIVE,0,NA,NA,0,0,204.792,0,13.672
20160803,2016,Aug,3,2,Bleach,121,121,ALIVE,0,NA,NA,0,0,204.792,0,13.672
20160804,2016,Aug,3,3,Bleach,121,121,ALIVE,1,20:44:00,NA,0.5,500,204.792,2.441,16.113
20160805,2016,Aug,3,4,Bleach,121,121,ALIVE,1,20:44:00,NA,0.1,100,204.792,0.488,16.601
20160806,2016,Aug,3,5,Bleach,121,121,ALIVE,0,NA,NA,0,0,204.792,0,16.601
20160604,2016,June,1,1,Bleach,123,123,ALIVE,0,NA,NA,0,0,167.988,0,0
20160605,2016,June,1,2,Bleach,123,123,ALIVE,0,NA,NA,0,0,167.988,0,0
20160606,2016,June,1,3,Bleach,123,123,ALIVE,0,NA,NA,0,0,167.988,0,0
20160607,2016,June,1,4,Bleach,123,123,ALIVE,0,NA,NA,0,0,167.988,0,0
20160608,2016,June,1,5,Bleach,123,123,ALIVE,0,NA,NA,0,0,167.988,0,0
20160703,2016,July,2,1,Bleach,123,123,ALIVE,0,NA,NA,0,0,167.988,0,0
20160704,2016,July,2,2,Bleach,123,123,ALIVE,1,20:53:00,NA,1.1,1100,167.988,6.548,6.548
20160705,2016,July,2,3,Bleach,123,123,ALIVE,1,20:48:00,NA,4.32,4320,167.988,25.716,32.264
20160706,2016,July,2,4,Bleach,123,123,ALIVE,1,20:58:00,NA,0,0,167.988,0,32.264
20160707,2016,July,2,5,Bleach,123,123,ALIVE,1,21:24:00,NA,0,0,167.988,0,32.264
20160708,2016,July,2,6,Bleach,123,123,ALIVE,0,NA,NA,0,0,167.988,0,32.264
20160731,2016,July,2,-1,Bleach,123,123,ALIVE,0,NA,NA,0,0,167.988,0,32.264
20160801,2016,Aug,3,0,Bleach,123,123,ALIVE,0,NA,NA,0,0,167.988,0,32.264
20160802,2016,Aug,3,1,Bleach,123,123,ALIVE,0,NA,NA,0,0,167.988,0,32.264
20160803,2016,Aug,3,2,Bleach,123,123,ALIVE,0,NA,NA,0,0,167.988,0,32.264
20160804,2016,Aug,3,3,Bleach,123,123,ALIVE,1,21:12:00,NA,0,0,167.988,0,32.264
20160805,2016,Aug,3,4,Bleach,123,123,ALIVE,1,20:49:00,NA,0.1,100,167.988,0.595,32.859
20160806,2016,Aug,3,5,Bleach,123,123,ALIVE,1,20:44:00,NA,0.1,100,167.988,0.595,33.454
20160604,2016,June,1,1,Nonbleach,124,124,ALIVE,0,NA,NA,0.01,10,313.538,0.032,0.032
20160605,2016,June,1,2,Nonbleach,124,124,ALIVE,1,20:47:00,NA,3.5,3500,313.538,11.163,11.195
20160606,2016,June,1,3,Nonbleach,124,124,ALIVE,1,20:46:00,NA,3,3000,313.538,9.568,20.763
20160607,2016,June,1,4,Nonbleach,124,124,ALIVE,0,NA,NA,0,0,313.538,0,20.763
20160608,2016,June,1,5,Nonbleach,124,124,ALIVE,0,NA,NA,0,0,313.538,0,20.763
20160703,2016,July,2,1,Nonbleach,124,124,ALIVE,0,NA,NA,0,0,313.538,0,20.763
20160704,2016,July,2,2,Nonbleach,124,124,ALIVE,1,21:04:00,NA,0,0,313.538,0,20.763
20160705,2016,July,2,3,Nonbleach,124,124,ALIVE,1,20:46:00,NA,4.51,4510,313.538,14.384,35.147
20160706,2016,July,2,4,Nonbleach,124,124,ALIVE,1,20:48:00,NA,0.5,500,313.538,1.595,36.742
20160707,2016,July,2,5,Nonbleach,124,124,ALIVE,1,20:59:00,NA,0.01,10,313.538,0.032,36.774
20160708,2016,July,2,6,Nonbleach,124,124,ALIVE,0,NA,NA,0,0,313.538,0,36.774
20160731,2016,July,2,-1,Nonbleach,124,124,ALIVE,0,NA,NA,0,0,313.538,0,36.774
20160801,2016,Aug,3,0,Nonbleach,124,124,ALIVE,0,NA,NA,0,0,313.538,0,36.774
20160802,2016,Aug,3,1,Nonbleach,124,124,ALIVE,0,NA,NA,0,0,313.538,0,36.774
20160803,2016,Aug,3,2,Nonbleach,124,124,ALIVE,0,NA,NA,0,0,313.538,0,36.774
20160804,2016,Aug,3,3,Nonbleach,124,124,ALIVE,1,21:15:00,NA,0,0,313.538,0,36.774
20160805,2016,Aug,3,4,Nonbleach,124,124,ALIVE,0,NA,NA,0,0,313.538,0,36.774
20160806,2016,Aug,3,5,Nonbleach,124,124,ALIVE,0,NA,NA,0,0,313.538,0,0
20160604,2016,June,1,1,Bleach,125,125,ALIVE,1,21:03:00,NA,1.25,1250,305.738,4.088,4.088
20160605,2016,June,1,2,Bleach,125,125,ALIVE,1,21:05:00,NA,5,5000,305.738,16.354,20.442
20160606,2016,June,1,3,Bleach,125,125,ALIVE,0,NA,NA,0,0,305.738,0,20.442
20160607,2016,June,1,4,Bleach,125,125,ALIVE,0,NA,NA,0,0,305.738,0,20.442
20160608,2016,June,1,5,Bleach,125,125,ALIVE,0,NA,NA,0,0,305.738,0,20.442
20160703,2016,July,2,1,Bleach,125,125,ALIVE,0,NA,NA,0,0,305.738,0,20.442
20160704,2016,July,2,2,Bleach,125,125,ALIVE,1,21:30:00,NA,0.6,600,305.738,1.962,22.404
20160705,2016,July,2,3,Bleach,125,125,ALIVE,1,21:02:00,NA,0.02,20,305.738,0.065,22.469
20160706,2016,July,2,4,Bleach,125,125,ALIVE,1,21:06:00,NA,0,0,305.738,0,22.469
20160707,2016,July,2,5,Bleach,125,125,ALIVE,0,NA,NA,0,0,305.738,0,22.469
20160708,2016,July,2,6,Bleach,125,125,ALIVE,0,NA,NA,0,0,305.738,0,22.469
20160731,2016,July,2,-1,Bleach,125,125,ALIVE,0,NA,NA,0,0,305.738,0,22.469
20160801,2016,Aug,3,0,Bleach,125,125,ALIVE,0,NA,NA,0,0,305.738,0,22.469
20160802,2016,Aug,3,1,Bleach,125,125,ALIVE,0,NA,NA,0,0,305.738,0,22.469
20160803,2016,Aug,3,2,Bleach,125,125,ALIVE,0,NA,NA,0,0,305.738,0,22.469
20160804,2016,Aug,3,3,Bleach,125,125,ALIVE,0,NA,NA,0,0,305.738,0,22.469
20160805,2016,Aug,3,4,Bleach,125,125,ALIVE,0,NA,NA,0,0,305.738,0,22.469
20160806,2016,Aug,3,5,Bleach,125,125,ALIVE,0,NA,NA,0,0,305.738,0,22.469
20160604,2016,June,1,1,Nonbleach,146,146,ALIVE,0,NA,NA,0,0,730.688,0,0
20160605,2016,June,1,2,Nonbleach,146,146,ALIVE,0,NA,NA,0,0,730.688,0,0
20160606,2016,June,1,3,Nonbleach,146,146,ALIVE,1,20:51:00,NA,3,3000,730.688,4.106,4.106
20160607,2016,June,1,4,Nonbleach,146,146,ALIVE,1,20:55:00,NA,1.25,1250,730.688,1.711,5.817
20160608,2016,June,1,5,Nonbleach,146,146,ALIVE,0,NA,NA,0,0,730.688,0,5.817
20160703,2016,July,2,1,Nonbleach,146,146,ALIVE,1,20:46:00,NA,0.05,50,730.688,0.068,5.885
20160704,2016,July,2,2,Nonbleach,146,146,ALIVE,1,21:01:00,NA,1,1000,730.688,1.369,7.254
20160705,2016,July,2,3,Nonbleach,146,146,ALIVE,1,21:00:00,NA,0.2,200,730.688,0.274,7.528
20160706,2016,July,2,4,Nonbleach,146,146,ALIVE,1,21:32:00,NA,0,0,730.688,0,7.528
20160707,2016,July,2,5,Nonbleach,146,146,ALIVE,0,NA,NA,0,0,730.688,0,7.528
20160708,2016,July,2,6,Nonbleach,146,146,ALIVE,0,NA,NA,0,0,730.688,0,7.528
20160731,2016,July,2,-1,Nonbleach,146,146,ALIVE,0,NA,NA,0,0,730.688,0,7.528
20160801,2016,Aug,3,0,Nonbleach,146,146,ALIVE,0,NA,NA,0,0,730.688,0,7.528
20160802,2016,Aug,3,1,Nonbleach,146,146,ALIVE,0,NA,NA,0,0,730.688,0,7.528
20160803,2016,Aug,3,2,Nonbleach,146,146,ALIVE,0,NA,NA,0,0,730.688,0,7.528
20160804,2016,Aug,3,3,Nonbleach,146,146,ALIVE,0,NA,NA,0,0,730.688,0,7.528
20160805,2016,Aug,3,4,Nonbleach,146,146,ALIVE,0,NA,NA,0,0,730.688,0,7.528
20160806,2016,Aug,3,5,Nonbleach,146,146,ALIVE,1,21:09:00,NA,0,0,730.688,0,7.528
20160604,2016,June,1,1,Bleach,149,149,ALIVE,0,NA,NA,0,0,421.266,0,0
20160605,2016,June,1,2,Bleach,149,149,ALIVE,1,20:51:00,NA,1,1000,421.266,2.374,2.374
20160606,2016,June,1,3,Bleach,149,149,ALIVE,1,20:45:00,NA,0.5,500,421.266,1.187,3.561
20160607,2016,June,1,4,Bleach,149,149,ALIVE,0,NA,NA,0,0,421.266,0,3.561
20160608,2016,June,1,5,Bleach,149,149,ALIVE,0,NA,NA,0,0,421.266,0,3.561
20160703,2016,July,2,1,Bleach,149,149,ALIVE,0,NA,NA,0,0,421.266,0,3.561
20160704,2016,July,2,2,Bleach,149,149,ALIVE,1,20:56:00,NA,3.1,3100,421.266,7.359,10.92
20160705,2016,July,2,3,Bleach,149,149,ALIVE,1,20:48:00,NA,4.5,4500,421.266,10.682,21.602
20160706,2016,July,2,4,Bleach,149,149,ALIVE,1,20:44:00,NA,2.5,2500,421.266,5.934,27.536
20160707,2016,July,2,5,Bleach,149,149,ALIVE,0,NA,NA,0,0,421.266,0,27.536
20160708,2016,July,2,6,Bleach,149,149,ALIVE,0,NA,NA,0,0,421.266,0,27.536
20160731,2016,July,2,-1,Bleach,149,149,ALIVE,0,NA,NA,0,0,421.266,0,27.536
20160801,2016,Aug,3,0,Bleach,149,149,ALIVE,0,NA,NA,0,0,421.266,0,27.536
20160802,2016,Aug,3,1,Bleach,149,149,ALIVE,0,NA,NA,0,0,421.266,0,27.536
20160803,2016,Aug,3,2,Bleach,149,149,ALIVE,0,NA,NA,0,0,421.266,0,27.536
20160804,2016,Aug,3,3,Bleach,149,149,ALIVE,0,NA,NA,0,0,421.266,0,27.536
20160805,2016,Aug,3,4,Bleach,149,149,ALIVE,0,NA,NA,0,0,421.266,0,27.536
20160806,2016,Aug,3,5,Bleach,149,149,ALIVE,1,21:22:00,NA,0,0,421.266,0,27.536
20160604,2016,June,1,1,Nonbleach,150,150,ALIVE,0,NA,NA,0,0,331.183,0,0
20160605,2016,June,1,2,Nonbleach,150,150,ALIVE,0,NA,NA,0,0,331.183,0,0
20160606,2016,June,1,3,Nonbleach,150,150,ALIVE,0,NA,NA,0,0,331.183,0,0
20160607,2016,June,1,4,Nonbleach,150,150,ALIVE,0,NA,NA,0,0,331.183,0,0
20160608,2016,June,1,5,Nonbleach,150,150,ALIVE,0,NA,NA,0,0,331.183,0,0
20160703,2016,July,2,1,Nonbleach,150,150,ALIVE,1,20:50:00,NA,0.02,20,331.183,0.06,0.06
20160704,2016,July,2,2,Nonbleach,150,150,ALIVE,1,20:50:00,NA,1.2,1200,331.183,3.623,3.683
20160705,2016,July,2,3,Nonbleach,150,150,ALIVE,1,20:58:00,NA,0.5,500,331.183,1.51,5.193
20160706,2016,July,2,4,Nonbleach,150,150,ALIVE,1,20:56:00,NA,0.5,500,331.183,1.51,6.703
20160707,2016,July,2,5,Nonbleach,150,150,ALIVE,1,21:02:00,NA,0,0,331.183,0,6.703
20160708,2016,July,2,6,Nonbleach,150,150,ALIVE,0,NA,NA,0,0,331.183,0,6.703
20160731,2016,July,2,-1,Nonbleach,150,150,ALIVE,0,NA,NA,0,0,331.183,0,6.703
20160801,2016,Aug,3,0,Nonbleach,150,150,ALIVE,0,NA,NA,0,0,331.183,0,6.703
20160802,2016,Aug,3,1,Nonbleach,150,150,ALIVE,0,NA,NA,0,0,331.183,0,6.703
20160803,2016,Aug,3,2,Nonbleach,150,150,ALIVE,0,NA,NA,0,0,331.183,0,6.703
20160804,2016,Aug,3,3,Nonbleach,150,150,ALIVE,1,20:57:00,NA,0,0,331.183,0,6.703
20160805,2016,Aug,3,4,Nonbleach,150,150,ALIVE,0,NA,NA,0,0,331.183,0,6.703
20160806,2016,Aug,3,5,Nonbleach,150,150,ALIVE,0,NA,NA,0,0,331.183,0,6.703
20160604,2016,June,1,1,Bleach,173,173,ALIVE,0,NA,NA,0,0,689.145,0,0
20160605,2016,June,1,2,Bleach,173,173,ALIVE,0,NA,NA,0,0,689.145,0,0
20160606,2016,June,1,3,Bleach,173,173,ALIVE,0,NA,NA,0,0,689.145,0,0
20160607,2016,June,1,4,Bleach,173,173,ALIVE,1,20:45:00,NA,1.25,1250,689.145,1.814,1.814
20160608,2016,June,1,5,Bleach,173,173,ALIVE,1,20:55:00,NA,2.25,2250,689.145,3.265,5.079
20160703,2016,July,2,1,Bleach,173,173,ALIVE,1,20:50:00,NA,0.01,10,689.145,0.015,5.094
20160704,2016,July,2,2,Bleach,173,173,ALIVE,1,20:47:00,NA,8.3,8300,689.145,12.044,17.138
20160705,2016,July,2,3,Bleach,173,173,ALIVE,1,20:47:00,NA,2,2000,689.145,2.902,20.04
20160706,2016,July,2,4,Bleach,173,173,ALIVE,1,20:58:00,NA,0.2,200,689.145,0.29,20.33
20160707,2016,July,2,5,Bleach,173,173,ALIVE,1,21:09:00,NA,0,0,689.145,0,20.33
20160708,2016,July,2,6,Bleach,173,173,ALIVE,0,NA,NA,0,0,689.145,0,20.33
20160731,2016,July,2,-1,Bleach,173,173,ALIVE,0,NA,NA,0,0,689.145,0,20.33
20160801,2016,Aug,3,0,Bleach,173,173,ALIVE,0,NA,NA,0,0,689.145,0,20.33
20160802,2016,Aug,3,1,Bleach,173,173,ALIVE,0,NA,NA,0,0,689.145,0,20.33
20160803,2016,Aug,3,2,Bleach,173,173,ALIVE,0,NA,NA,0,0,689.145,0,20.33
20160804,2016,Aug,3,3,Bleach,173,173,ALIVE,1,21:04:00,NA,0,0,689.145,0,20.33
20160805,2016,Aug,3,4,Bleach,173,173,ALIVE,1,20:46:00,NA,0.05,50,689.145,0.073,20.403
20160806,2016,Aug,3,5,Bleach,173,173,ALIVE,1,20:52:00,NA,0,0,689.145,0,20.403
20160604,2016,June,1,1,Nonbleach,174,174,ALIVE,1,20:54:00,NA,0,0,308.062,0,0
20160605,2016,June,1,2,Nonbleach,174,174,ALIVE,1,21:12:00,NA,0.01,10,308.062,0.032,0.032
20160606,2016,June,1,3,Nonbleach,174,174,ALIVE,1,21:15:00,NA,0.5,500,308.062,1.623,1.655
20160607,2016,June,1,4,Nonbleach,174,174,ALIVE,1,21:07:00,NA,0.02,20,308.062,0.065,1.72
20160608,2016,June,1,5,Nonbleach,174,174,ALIVE,0,NA,NA,0,0,308.062,0,1.72
20160703,2016,July,2,1,Nonbleach,174,174,ALIVE,1,20:50:00,NA,0.03,30,308.062,0.097,1.817
20160704,2016,July,2,2,Nonbleach,174,174,ALIVE,1,21:45:00,NA,0,0,308.062,0,1.817
20160705,2016,July,2,3,Nonbleach,174,174,ALIVE,1,21:00:00,NA,0.7,700,308.062,2.272,4.089
20160706,2016,July,2,4,Nonbleach,174,174,ALIVE,1,21:11:00,NA,0.2,200,308.062,0.649,4.738
20160707,2016,July,2,5,Nonbleach,174,174,ALIVE,1,21:01:00,NA,0,0,308.062,0,4.738
20160708,2016,July,2,6,Nonbleach,174,174,ALIVE,0,NA,NA,0,0,308.062,0,4.738
20160731,2016,July,2,-1,Nonbleach,174,174,ALIVE,0,NA,NA,0,0,308.062,0,4.738
20160801,2016,Aug,3,0,Nonbleach,174,174,ALIVE,0,NA,NA,0,0,308.062,0,4.738
20160802,2016,Aug,3,1,Nonbleach,174,174,ALIVE,0,NA,NA,0,0,308.062,0,4.738
20160803,2016,Aug,3,2,Nonbleach,174,174,ALIVE,0,NA,NA,0,0,308.062,0,4.738
20160804,2016,Aug,3,3,Nonbleach,174,174,ALIVE,1,21:00:00,NA,0,0,308.062,0,4.738
20160805,2016,Aug,3,4,Nonbleach,174,174,ALIVE,1,20:49:00,NA,0,0,308.062,0,4.738
20160806,2016,Aug,3,5,Nonbleach,174,174,ALIVE,1,21:12:00,NA,0,0,308.062,0,4.738
20160604,2016,June,1,1,Bleach,175,175,ALIVE,0,NA,NA,0,0,805.689,0,0
20160605,2016,June,1,2,Bleach,175,175,ALIVE,1,20:55:00,NA,2,2000,805.689,2.482,2.482
20160606,2016,June,1,3,Bleach,175,175,ALIVE,1,20:45:00,NA,7.5,7500,805.689,9.309,11.791
20160607,2016,June,1,4,Bleach,175,175,ALIVE,1,21:00:00,NA,1.5,1500,805.689,1.862,13.653
20160608,2016,June,1,5,Bleach,175,175,ALIVE,0,NA,NA,0,0,805.689,0,13.653
20160703,2016,June,2,1,Bleach,175,175,ALIVE,1,20:50:00,NA,0.05,50,805.689,0.062,13.715
20160704,2016,July,2,2,Bleach,175,175,ALIVE,1,21:03:00,NA,0.2,200,805.689,0.248,13.963
20160705,2016,July,2,3,Bleach,175,175,ALIVE,1,20:57:00,NA,0.01,10,805.689,0.012,13.975
20160706,2016,July,2,4,Bleach,175,175,ALIVE,0,NA,NA,0,0,805.689,0,13.975
20160707,2016,July,2,5,Bleach,175,175,ALIVE,0,NA,NA,0,0,805.689,0,13.975
20160708,2016,July,2,6,Bleach,175,175,ALIVE,0,NA,NA,0,0,805.689,0,13.975
20160731,2016,July,2,-1,Bleach,175,175,ALIVE,0,NA,NA,0,0,805.689,0,13.975
20160801,2016,Aug,3,0,Bleach,175,175,ALIVE,0,NA,NA,0,0,805.689,0,13.975
20160802,2016,Aug,3,1,Bleach,175,175,ALIVE,0,NA,NA,0,0,805.689,0,13.975
20160803,2016,Aug,3,2,Bleach,175,175,ALIVE,0,NA,NA,0,0,805.689,0,13.975
20160804,2016,Aug,3,3,Bleach,175,175,ALIVE,0,NA,NA,0,0,805.689,0,13.975
20160805,2016,Aug,3,4,Bleach,175,175,ALIVE,0,NA,NA,0,0,805.689,0,13.975
20160806,2016,Aug,3,5,Bleach,175,175,ALIVE,0,NA,NA,0,0,805.689,0,13.975
20170524,2017,May,1,-1,Nonbleach,116/332,116,ALIVE,0,NA,NA,0,0,654.777,0,0
20170525,2017,May,1,0,Nonbleach,116/332,116,ALIVE,0,NA,NA,0,0,654.777,0,0
20170526,2017,May,1,1,Nonbleach,116/332,116,ALIVE,1,20:56,21:30,0.002,1.6,654.777,0.00244358,0.002
20170527,2017,May,1,2,Nonbleach,116/332,116,ALIVE,0,NA,NA,0,0,654.777,0,0.002
20170528,2017,May,1,3,Nonbleach,116/332,116,ALIVE,0,NA,NA,0,0,654.777,0,0.002
20170623,2017,June,2,0,Nonbleach,116/332,116,ALIVE,1,21:20,21:30,0.001,0.6,654.777,0.000916343,0.003
20170624,2017,June,2,1,Nonbleach,116/332,116,ALIVE,1,20:52,,11,11000,654.777,16.79961269,16.803
20170625,2017,June,2,2,Nonbleach,116/332,116,ALIVE,1,20:57,21:10,1,1000,654.777,1.527237518,18.33
20170626,2017,June,2,3,Nonbleach,116/332,116,ALIVE,1,20:14,21:27,0.5,500,654.777,0.763618759,19.094
20170627,2017,June,2,4,Nonbleach,116/332,116,ALIVE,0,NA,NA,0,0,654.777,0,19.094
20170722,2017,July,3,0,Nonbleach,116/332,116,ALIVE,0,NA,NA,0,0,654.777,0,19.094
20170723,2017,July,3,1,Nonbleach,116/332,116,ALIVE,0,NA,NA,0,0,654.777,0,19.094
20170724,2017,July,3,2,Nonbleach,116/332,116,ALIVE,0,NA,NA,0,0,654.777,0,19.094
20170725,2017,July,3,3,Nonbleach,116/332,116,ALIVE,0,NA,NA,0,0,654.777,0,19.094
20170726,2017,July,3,4,Nonbleach,116/332,116,ALIVE,0,NA,NA,0,0,654.777,0,19.094
20170524,2017,May,1,-1,Bleach,117,117,ALIVE,0,NA,NA,0,0,169.84,0,0
20170525,2017,May,1,0,Bleach,117,117,ALIVE,0,NA,NA,0,0,169.84,0,0
20170526,2017,May,1,1,Bleach,117,117,ALIVE,1,20:56,21:12,0.2,200,169.84,1.178,1.178
20170527,2017,May,1,2,Bleach,117,117,ALIVE,1,20:51,21:19,0.1,100,169.84,0.589,1.767
20170528,2017,May,1,3,Bleach,117,117,ALIVE,0,NA,NA,0,0,169.84,0,1.767
20170623,2017,June,2,0,Bleach,117,117,ALIVE,0,NA,NA,0,0,169.84,0,1.767
20170624,2017,June,2,1,Bleach,117,117,ALIVE,1,21:10,21:38,0.002,2,169.84,0.012,1.779
20170625,2017,June,2,2,Bleach,117,117,ALIVE,1,20:57,21:32,3,3000,169.84,17.664,19.443
20170626,2017,June,2,3,Bleach,117,117,ALIVE,1,21:00,21:24,1,1000,169.84,5.888,25.331
20170627,2017,June,2,4,Bleach,117,117,ALIVE,1,21:06,21:38,0.001,1,169.84,0.006,25.337
20170722,2017,July,3,0,Bleach,117,117,ALIVE,0,NA,NA,0,0,169.84,0,25.337
20170723,2017,July,3,1,Bleach,117,117,ALIVE,0,NA,NA,0,0,169.84,0,25.337
20170724,2017,July,3,2,Bleach,117,117,ALIVE,0,NA,NA,0,0,169.84,0,25.337
20170725,2017,July,3,3,Bleach,117,117,ALIVE,0,NA,NA,0,0,169.84,0,25.337
20170726,2017,July,3,4,Bleach,117,117,ALIVE,0,NA,NA,0,0,169.84,0,25.337
20170524,2017,May,1,-1,Nonbleach,118/330,118,ALIVE,0,NA,NA,0,0,353.41,0,0
20170525,2017,May,1,0,Nonbleach,118/330,118,ALIVE,1,21:05,21:49,0.1,100,353.41,0.283,0.283
20170526,2017,May,1,1,Nonbleach,118/330,118,ALIVE,1,21:10,21:30,0.2,200,353.41,0.566,0.849
20170527,2017,May,1,2,Nonbleach,118/330,118,ALIVE,0,NA,NA,0,0,353.41,0,0.849
20170528,2017,May,1,3,Nonbleach,118/330,118,ALIVE,0,NA,NA,0,0,353.41,0,0.849
20170623,2017,June,2,0,Nonbleach,118/330,118,ALIVE,0,NA,NA,0,0,353.41,0,0.849
20170624,2017,June,2,1,Nonbleach,118/330,118,ALIVE,1,20:50,21:54,0.5,500,353.41,1.415,2.264
20170625,2017,June,2,2,Nonbleach,118/330,118,ALIVE,1,20:52,21:12,9,9000,353.41,25.466,27.73
20170626,2017,June,2,3,Nonbleach,118/330,118,ALIVE,0,NA,NA,0,0,353.41,0,27.73
20170627,2017,June,2,4,Nonbleach,118/330,118,ALIVE,0,NA,NA,0,0,353.41,0,27.73
20170722,2017,July,3,0,Nonbleach,118/330,118,ALIVE,0,NA,NA,0,0,353.41,0,27.73
20170723,2017,July,3,1,Nonbleach,118/330,118,ALIVE,0,NA,NA,0,0,353.41,0,27.73
20170724,2017,July,3,2,Nonbleach,118/330,118,ALIVE,0,NA,NA,0,0,353.41,0,27.73
20170725,2017,July,3,3,Nonbleach,118/330,118,ALIVE,0,NA,NA,0,0,353.41,0,27.73
20170726,2017,July,3,4,Nonbleach,118/330,118,ALIVE,0,NA,NA,0,0,353.41,0,27.73
20170524,2017,May,1,-1,Bleach,119/337,119,ALIVE,0,NA,NA,0,0,67.93,0,0
20170525,2017,May,1,0,Bleach,119/337,119,ALIVE,0,NA,NA,0,0,67.93,0,0
20170526,2017,May,1,1,Bleach,119/337,119,ALIVE,0,NA,NA,0,0,67.93,0,0
20170527,2017,May,1,2,Bleach,119/337,119,ALIVE,0,NA,NA,0,0,67.93,0,0
20170528,2017,May,2,3,Bleach,119/337,119,ALIVE,0,NA,NA,0,0,67.93,0,0
20170623,2017,June,2,0,Bleach,119/337,119,ALIVE,0,NA,NA,0,0,67.93,0,0
20170624,2017,June,2,1,Bleach,119/337,119,ALIVE,0,NA,NA,0,0,67.93,0,0
20170625,2017,June,2,2,Bleach,119/337,119,ALIVE,0,NA,NA,0,0,67.93,0,0
20170626,2017,June,2,3,Bleach,119/337,119,ALIVE,1,21:20,21:20,0.001,1.4,67.93,0.021,0.021
20170627,2017,June,2,4,Bleach,119/337,119,ALIVE,0,NA,NA,0,0,67.93,0,0.021
20170722,2017,July,3,0,Bleach,119/337,119,DEAD,0,NA,NA,0,0,67.93,0,0.021
20170723,2017,July,3,1,Bleach,119/337,119,DEAD,0,NA,NA,0,0,67.93,0,0.021
20170724,2017,July,3,2,Bleach,119/337,119,DEAD,0,NA,NA,0,0,67.93,0,0.021
20170725,2017,July,3,3,Bleach,119/337,119,DEAD,0,NA,NA,0,0,67.93,0,0.021
20170726,2017,July,3,4,Bleach,119/337,119,DEAD,0,NA,NA,0,0,67.93,0,0.021
20170524,2017,May,1,-1,Nonbleach,120/328,120,ALIVE,0,NA,NA,0,0,263.18,0,0
20170525,2017,May,1,0,Nonbleach,120/328,120,ALIVE,0,NA,NA,0,0,263.18,0,0
20170526,2017,May,1,1,Nonbleach,120/328,120,ALIVE,0,NA,NA,0,0,263.18,0,0
20170527,2017,May,1,2,Nonbleach,120/328,120,ALIVE,0,NA,NA,0,0,263.18,0,0
20170528,2017,May,2,3,Nonbleach,120/328,120,ALIVE,0,NA,NA,0,0,263.18,0,0
20170623,2017,June,2,0,Nonbleach,120/328,120,ALIVE,0,NA,NA,0,0,263.18,0,0
20170624,2017,June,2,1,Nonbleach,120/328,120,ALIVE,1,20:50,,2,2000,263.18,7.599,7.599
20170625,2017,June,2,2,Nonbleach,120/328,120,ALIVE,1,20:55,21:15,5,5000,263.18,18.998,26.597
20170626,2017,June,2,3,Nonbleach,120/328,120,ALIVE,1,20:58,21:17,0.001,1,263.18,0.004,26.601
20170627,2017,June,2,4,Nonbleach,120/328,120,ALIVE,0,NA,NA,0,0,263.18,0,26.601
20170722,2017,July,3,0,Nonbleach,120/328,120,ALIVE,0,NA,NA,0,0,263.18,0,26.601
20170723,2017,July,3,1,Nonbleach,120/328,120,ALIVE,0,NA,NA,0,0,263.18,0,26.601
20170724,2017,July,3,2,Nonbleach,120/328,120,ALIVE,0,NA,NA,0,0,263.18,0,26.601
20170725,2017,July,3,3,Nonbleach,120/328,120,ALIVE,0,NA,NA,0,0,263.18,0,26.601
20170726,2017,July,3,4,Nonbleach,120/328,120,ALIVE,0,NA,NA,0,0,263.18,0,26.601
20170524,2017,May,1,-1,Bleach,121/339,121,ALIVE,0,NA,NA,0,0,48.44,0,0
20170525,2017,May,1,0,Bleach,121/339,121,ALIVE,0,NA,NA,0,0,48.44,0,0
20170526,2017,May,1,1,Bleach,121/339,121,ALIVE,0,NA,NA,0,0,48.44,0,0
20170527,2017,May,1,2,Bleach,121/339,121,ALIVE,0,NA,NA,0,0,48.44,0,0
20170528,2017,May,2,3,Bleach,121/339,121,ALIVE,0,NA,NA,0,0,48.44,0,0
20170623,2017,June,2,0,Bleach,121/339,121,ALIVE,0,NA,NA,0,0,48.44,0,0
20170624,2017,June,2,1,Bleach,121/339,121,ALIVE,0,NA,NA,0,0,48.44,0,0
20170625,2017,June,2,2,Bleach,121/339,121,ALIVE,1,20:59,21:18,1.5,1500,48.44,30.966,30.966
20170626,2017,June,2,3,Bleach,121/339,121,ALIVE,1,20:55,21:27,0.5,500,48.44,10.322,41.288
20170627,2017,June,2,4,Bleach,121/339,121,ALIVE,0,NA,NA,0,0,48.44,0,41.288
20170722,2017,July,3,0,Bleach,121/339,121,ALIVE,0,NA,NA,0,0,48.44,0,41.288
20170723,2017,July,3,1,Bleach,121/339,121,ALIVE,0,NA,NA,0,0,48.44,0,41.288
20170724,2017,July,3,2,Bleach,121/339,121,ALIVE,0,NA,NA,0,0,48.44,0,41.288
20170725,2017,July,3,3,Bleach,121/339,121,ALIVE,0,NA,NA,0,0,48.44,0,41.288
20170726,2017,July,3,4,Bleach,121/339,121,ALIVE,0,NA,NA,0,0,48.44,0,41.288
20170524,2017,May,1,-1,Bleach,123/333,123,ALIVE,0,NA,NA,0,0,406.86,0,0
20170525,2017,May,1,0,Bleach,123/333,123,ALIVE,0,NA,NA,0,0,406.86,0,0
20170526,2017,May,1,1,Bleach,123/333,123,ALIVE,0,NA,NA,0,0,406.86,0,0
20170527,2017,May,1,2,Bleach,123/333,123,ALIVE,0,NA,NA,0,0,406.86,0,0
20170528,2017,May,2,3,Bleach,123/333,123,ALIVE,0,NA,NA,0,0,406.86,0,0
20170623,2017,June,2,0,Bleach,123/333,123,ALIVE,0,NA,NA,0,0,406.86,0,0
20170624,2017,June,2,1,Bleach,123/333,123,ALIVE,1,20:52,22:00,0.5,500,406.86,1.229,1.229
20170625,2017,June,2,2,Bleach,123/333,123,ALIVE,0,NA,NA,0,0,406.86,0,1.229
20170626,2017,June,2,3,Bleach,123/333,123,ALIVE,0,NA,NA,0,0,406.86,0,1.229
20170627,2017,June,2,4,Bleach,123/333,123,ALIVE,0,NA,NA,0,0,406.86,0,1.229
20170722,2017,July,3,0,Bleach,123/333,123,ALIVE,0,NA,NA,0,0,406.86,0,1.229
20170723,2017,July,3,1,Bleach,123/333,123,ALIVE,0,NA,NA,0,0,406.86,0,1.229
20170724,2017,July,3,2,Bleach,123/333,123,ALIVE,0,NA,NA,0,0,406.86,0,1.229
20170725,2017,July,3,3,Bleach,123/333,123,ALIVE,0,NA,NA,0,0,406.86,0,1.229
20170726,2017,July,3,4,Bleach,123/333,123,ALIVE,0,NA,NA,0,0,406.86,0,1.229
20170524,2017,May,1,-1,Nonbleach,124/336,124,ALIVE,0,NA,NA,0,0,371.816,0,0
20170525,2017,May,1,0,Nonbleach,124/336,124,ALIVE,0,NA,NA,0,0,371.816,0,0
20170526,2017,May,1,1,Nonbleach,124/336,124,ALIVE,1,20:45,21:27,2.5,2500,371.816,6.723755836,6.723755836
20170527,2017,May,1,2,Nonbleach,124/336,124,ALIVE,0,NA,NA,0,0,371.816,0,6.723755836
20170528,2017,May,2,3,Nonbleach,124/336,124,ALIVE,0,NA,NA,0,0,371.816,0,6.723755836
20170623,2017,June,2,0,Nonbleach,124/336,124,ALIVE,1,21:47,21:47,0,0.2,371.816,0.0005379,6.724293737
20170624,2017,June,2,1,Nonbleach,124/336,124,ALIVE,1,20:47,21:34,1,1000,371.816,2.689502334,9.413796071
20170625,2017,June,2,2,Nonbleach,124/336,124,ALIVE,1,20:51,21:20,6.5,6500,371.816,17.48176517,26.89556125
20170626,2017,June,2,3,Nonbleach,124/336,124,ALIVE,1,20:58,21:40,0.5,500,371.816,1.344751167,28.24031241
20170627,2017,June,2,4,Nonbleach,124/336,124,ALIVE,0,NA,NA,0,0,371.816,0,28.24031241
20170722,2017,July,3,0,Nonbleach,124/336,124,ALIVE,0,NA,NA,0,0,371.816,0,28.24031241
20170723,2017,July,3,1,Nonbleach,124/336,124,ALIVE,0,NA,NA,0,0,371.816,0,28.24031241
20170724,2017,July,3,2,Nonbleach,124/336,124,ALIVE,0,NA,NA,0,0,371.816,0,28.24031241
20170725,2017,July,3,3,Nonbleach,124/336,124,ALIVE,0,NA,NA,0,0,371.816,0,28.24031241
20170726,2017,July,3,4,Nonbleach,124/336,124,ALIVE,0,NA,NA,0,0,371.816,0,28.24031241
20170524,2017,May,1,-1,Bleach,125/335,125,ALIVE,0,NA,NA,0,0,523.32,0,0
20170525,2017,May,1,0,Bleach,125/335,125,ALIVE,1,20:52,21:37,18,18000,523.32,34.396,34.396
20170526,2017,May,1,1,Bleach,125/335,125,ALIVE,0,NA,NA,0,0,523.32,0,34.396
20170527,2017,May,1,2,Bleach,125/335,125,ALIVE,0,NA,NA,0,0,523.32,0,34.396
20170528,2017,May,2,3,Bleach,125/335,125,ALIVE,0,NA,NA,0,0,523.32,0,34.396
20170623,2017,June,2,0,Bleach,125/335,125,ALIVE,1,20:52,21:37,2.008,2008.4,523.32,3.838,38.234
20170624,2017,June,2,1,Bleach,125/335,125,ALIVE,1,20:50,22:05,2,2000,523.32,3.822,42.056
20170625,2017,June,2,2,Bleach,125/335,125,ALIVE,1,21:14,21:14,0,0.2,523.32,0,42.056
20170626,2017,June,2,3,Bleach,125/335,125,ALIVE,0,NA,NA,0,0,523.32,0,42.056
20170627,2017,June,2,4,Bleach,125/335,125,ALIVE,0,NA,NA,0,0,523.32,0,42.056
20170722,2017,July,3,0,Bleach,125/335,125,ALIVE,0,NA,NA,0,0,523.32,0,42.056
20170723,2017,July,3,1,Bleach,125/335,125,ALIVE,0,NA,NA,0,0,523.32,0,42.056
20170724,2017,July,3,2,Bleach,125/335,125,ALIVE,0,NA,NA,0,0,523.32,0,42.056
20170725,2017,July,3,3,Bleach,125/335,125,ALIVE,0,NA,NA,0,0,523.32,0,42.056
20170726,2017,July,3,4,Bleach,125/335,125,ALIVE,0,NA,NA,0,0,523.32,0,42.056
20170524,2017,May,1,-1,Nonbleach,146/326,146,ALIVE,0,NA,NA,0,0,745.73,0,0
20170525,2017,May,1,0,Nonbleach,146/326,146,ALIVE,1,21:32,21:35,0.001,1,745.73,0.001,0.001
20170526,2017,May,1,1,Nonbleach,146/326,146,ALIVE,1,20:49,21:50,2.5,2500,745.73,3.352,3.353
20170527,2017,May,1,2,Nonbleach,146/326,146,ALIVE,1,20:53,21:26,1,1000,745.73,1.341,4.694
20170528,2017,May,2,3,Nonbleach,146/326,146,ALIVE,0,NA,NA,0,0,745.73,0,4.694
20170623,2017,June,2,0,Nonbleach,146/326,146,ALIVE,1,21:10,21:40,0.2,200,745.73,0.268,4.962
20170624,2017,June,2,1,Nonbleach,146/326,146,ALIVE,1,20:59,,0.01,10,745.73,0.013,4.975
20170625,2017,June,2,2,Nonbleach,146/326,146,ALIVE,1,20:53,21:45,0.2,200,745.73,0.268,5.243
20170626,2017,June,2,3,Nonbleach,146/326,146,ALIVE,1,20:56,21:35,0.5,500,745.73,0.67,5.913
20170627,2017,June,2,4,Nonbleach,146/326,146,ALIVE,0,NA,NA,0,0,745.73,0,5.913
20170722,2017,July,3,0,Nonbleach,146/326,146,ALIVE,0,NA,NA,0,0,745.73,0,5.913
20170723,2017,July,3,1,Nonbleach,146/326,146,ALIVE,0,NA,NA,0,0,745.73,0,5.913
20170724,2017,July,3,2,Nonbleach,146/326,146,ALIVE,0,NA,NA,0,0,745.73,0,5.913
20170725,2017,July,3,3,Nonbleach,146/326,146,ALIVE,0,NA,NA,0,0,745.73,0,5.913
20170726,2017,July,3,4,Nonbleach,146/326,146,ALIVE,0,NA,NA,0,0,745.73,0,5.913
20170524,2017,May,1,-1,Bleach,149/329,149,ALIVE,0,NA,NA,0,0,348.14,0,0
20170525,2017,May,1,0,Bleach,149/329,149,ALIVE,0,NA,NA,0,0,348.14,0,0
20170526,2017,May,1,1,Bleach,149/329,149,ALIVE,1,20:45,21:18,1.9,1900,348.14,5.458,5.458
20170527,2017,May,1,2,Bleach,149/329,149,ALIVE,1,20:59,21:21,0.1,100,348.14,0.287,5.745
20170528,2017,May,2,3,Bleach,149/329,149,ALIVE,0,NA,NA,0,0,348.14,0,5.745
20170623,2017,June,2,0,Bleach,149/329,149,ALIVE,1,20:59,21:37,0.002,2.4,348.14,0.007,5.752
20170624,2017,June,2,1,Bleach,149/329,149,ALIVE,1,20:42,21:19,3,3000,348.14,8.617,14.369
20170625,2017,June,2,2,Bleach,149/329,149,ALIVE,1,20:49,21:41,1,1000,348.14,2.872,17.241
20170626,2017,June,2,3,Bleach,149/329,149,ALIVE,1,20:52,21:42,0.5,500,348.14,1.436,18.677
20170627,2017,June,2,4,Bleach,149/329,149,ALIVE,1,20:57,21:27,0.001,1,348.14,0.003,18.68
20170722,2017,July,3,0,Bleach,149/329,149,ALIVE,0,NA,NA,0,0,348.14,0,18.68
20170723,2017,July,3,1,Bleach,149/329,149,ALIVE,0,NA,NA,0,0,348.14,0,18.68
20170724,2017,July,3,2,Bleach,149/329,149,ALIVE,0,NA,NA,0,0,348.14,0,18.68
20170725,2017,July,3,3,Bleach,149/329,149,ALIVE,0,NA,NA,0,0,348.14,0,18.68
20170726,2017,July,3,4,Bleach,149/329,149,ALIVE,0,NA,NA,0,0,348.14,0,18.68
20170524,2017,May,1,-1,Nonbleach,150/338,150,ALIVE,0,NA,NA,0,0,586.75,0,0
20170525,2017,May,1,0,Nonbleach,150/338,150,ALIVE,0,NA,NA,0,0,253.227,0,0
20170526,2017,May,1,1,Nonbleach,150/338,150,ALIVE,0,NA,NA,0,0,253.227,0,0
20170527,2017,May,1,2,Nonbleach,150/338,150,ALIVE,0,NA,NA,0,0,253.227,0,0
20170528,2017,May,2,3,Nonbleach,150/338,150,ALIVE,0,NA,NA,0,0,253.227,0,0
20170623,2017,June,2,0,Nonbleach,150/338,150,ALIVE,0,NA,NA,0,0,253.227,0,0
20170624,2017,June,2,1,Nonbleach,150/338,150,ALIVE,1,20:55,21:25,0.012,12.4,253.227,0.048967922,0.048967922
20170625,2017,June,2,2,Nonbleach,150/338,150,ALIVE,1,20:55,21:43,0.5,500,253.227,1.974512986,2.023480908
20170626,2017,June,2,3,Nonbleach,150/338,150,ALIVE,0,NA,NA,0,0,253.227,0,2.023480908
20170627,2017,June,2,4,Nonbleach,150/338,150,ALIVE,0,NA,NA,0,0,253.227,0,2.023480908
20170722,2017,July,3,0,Nonbleach,150/338,150,ALIVE,0,NA,NA,0,0,253.227,0,2.023480908
20170723,2017,July,3,1,Nonbleach,150/338,150,ALIVE,0,NA,NA,0,0,253.227,0,2.023480908
20170724,2017,July,3,2,Nonbleach,150/338,150,ALIVE,0,NA,NA,0,0,253.227,0,2.023480908
20170725,2017,July,3,3,Nonbleach,150/338,150,ALIVE,0,NA,NA,0,0,253.227,0,2.023480908
20170726,2017,July,3,4,Nonbleach,150/338,150,ALIVE,0,NA,NA,0,0,253.227,0,2.023480908
20170524,2017,May,1,-1,Bleach,173/331,173,ALIVE,0,NA,NA,0,0,880.86,0,0
20170525,2017,May,1,0,Bleach,173/331,173,ALIVE,0,NA,NA,0,0,880.86,0,0
20170526,2017,May,1,1,Bleach,173/331,173,ALIVE,0,NA,NA,0,0,880.86,0,0
20170527,2017,May,1,2,Bleach,173/331,173,ALIVE,0,NA,NA,0,0,880.86,0,0
20170528,2017,May,2,3,Bleach,173/331,173,ALIVE,0,NA,NA,0,0,880.86,0,0
20170623,2017,June,2,0,Bleach,173/331,173,ALIVE,1,20:51,22:00,12.5,12500,880.86,14.191,14.191
20170624,2017,June,2,1,Bleach,173/331,173,ALIVE,1,20:52,21:16,6,6000,880.86,6.812,21.003
20170625,2017,June,2,2,Bleach,173/331,173,ALIVE,1,20:49,21:57,9,9000,880.86,10.217,31.22
20170626,2017,June,2,3,Bleach,173/331,173,ALIVE,0,NA,NA,0,0,880.86,0,31.22
20170627,2017,June,2,4,Bleach,173/331,173,ALIVE,0,NA,NA,0,0,880.86,0,31.22
20170722,2017,July,3,0,Bleach,173/331,173,ALIVE,0,NA,NA,0,0,880.86,0,31.22
20170723,2017,July,3,1,Bleach,173/331,173,ALIVE,0,NA,NA,0,0,880.86,0,31.22
20170724,2017,July,3,2,Bleach,173/331,173,ALIVE,0,NA,NA,0,0,880.86,0,31.22
20170725,2017,July,3,3,Bleach,173/331,173,ALIVE,0,NA,NA,0,0,880.86,0,31.22
20170726,2017,July,3,4,Bleach,173/331,173,ALIVE,0,NA,NA,0,0,880.86,0,31.22
20170525,2017,May,1,-1,Nonbleach,174/334,174,ALIVE,0,NA,NA,0,0,510.86,0,0
20170525,2017,May,1,0,Nonbleach,174/334,174,ALIVE,0,NA,NA,0,0,510.86,0,0
20170526,2017,May,1,1,Nonbleach,174/334,174,ALIVE,0,NA,NA,0,0,510.86,0,0
20170527,2017,May,1,2,Nonbleach,174/334,174,ALIVE,0,NA,NA,0,0,510.86,0,0
20170528,2017,May,2,3,Nonbleach,174/334,174,ALIVE,0,NA,NA,0,0,510.86,0,0
20170623,2017,June,2,0,Nonbleach,174/334,174,ALIVE,0,NA,NA,0,0,510.86,0,0
20170624,2017,June,2,1,Nonbleach,174/334,174,ALIVE,1,21:07,22:00,1,1000,510.86,1.957,1.957
20170625,2017,June,2,2,Nonbleach,174/334,174,ALIVE,1,20:47,21:47,8.5,8500,510.86,16.639,18.596
20170626,2017,June,2,3,Nonbleach,174/334,174,ALIVE,1,*2048,21:33,0.5,500,510.86,0.979,19.575
20170627,2017,June,2,4,Nonbleach,174/334,174,ALIVE,0,NA,NA,0,0,510.86,0,19.575
20170722,2017,July,3,0,Nonbleach,174/334,174,ALIVE,0,NA,NA,0,0,510.86,0,19.575
20170723,2017,July,3,1,Nonbleach,174/334,174,ALIVE,0,NA,NA,0,0,510.86,0,19.575
20170724,2017,July,3,2,Nonbleach,174/334,174,ALIVE,0,NA,NA,0,0,510.86,0,19.575
20170725,2017,July,3,3,Nonbleach,174/334,174,ALIVE,0,NA,NA,0,0,510.86,0,19.575
20170726,2017,July,3,4,Nonbleach,174/334,174,ALIVE,0,NA,NA,0,0,510.86,0,19.575
20170524,2017,May,1,-1,Bleach,175/327,175,ALIVE,0,NA,NA,0,0,843.77,0,0
20170525,2017,May,1,0,Bleach,175/327,175,ALIVE,1,20:52,21:45,1,1000,843.77,1.185,1.185
20170526,2017,May,1,1,Bleach,175/327,175,ALIVE,1,20:50,21:48,0.2,200,843.77,0.237,1.422
20170527,2017,May,1,2,Bleach,175/327,175,ALIVE,0,NA,NA,0,0,843.77,0,1.422
20170528,2017,May,2,3,Bleach,175/327,175,ALIVE,0,NA,NA,0,0,843.77,0,1.422
20170623,2017,June,2,0,Bleach,175/327,175,ALIVE,1,21:25,21:44,2,2000,843.77,2.37,3.792
20170624,2017,June,2,1,Bleach,175/327,175,ALIVE,1,20:48,21:28,18,18000,843.77,21.333,25.125
20170625,2017,June,2,2,Bleach,175/327,175,ALIVE,1,20:49,21:10,4,4000,843.77,4.741,29.866
20170626,2017,June,2,3,Bleach,175/327,175,ALIVE,1,20:56,21:33,0.2,200,843.77,0.237,30.103
20170627,2017,June,2,4,Bleach,175/327,175,ALIVE,1,20:52,21:24,0.5,500,843.77,0.593,30.696
20170722,2017,July,3,0,Bleach,175/327,175,ALIVE,0,NA,NA,0,0,843.77,0,30.696
20170723,2017,July,3,1,Bleach,175/327,175,ALIVE,0,NA,NA,0,0,843.77,0,30.696
20170724,2017,July,3,2,Bleach,175/327,175,ALIVE,0,NA,NA,0,0,843.77,0,30.696
20170725,2017,July,3,3,Bleach,175/327,175,ALIVE,0,NA,NA,0,0,843.77,0,30.696
20170726,2017,July,3,4,Bleach,175/327,175,ALIVE,0,NA,NA,0,0,843.77,0,30.696